ID_Mesure,Date,Heure,Machine,Poste,Equipe,Operateur,Temperature_C,Vibration_mms,Pression_bar,Vitesse_RPM,Energie_kWh,Nb_Pieces,Nb_Defauts,Taux_Defaut_pct,Duree_Maintenance_min,Statut_Machine
M0001,2024-02-17,08:11,M001,Ligne C,Nuit,Martin,78.8,2.05,6.67,1301,43.8,120,7,5.83,110,OK
M0002,2024-05-22,09:52,M004,Ligne D,Nuit,  Robert,81.6,1.12,5.95,1736,52.8,119,5,4.2,18,OK
M0003,2024-04-02,16:06,M004,Ligne C,Nuit,Dubois,72.7,1.28,6.77,1420,55.8,138,3,2.17,91,OK
M0004,2024-01-27,07:33,M004,Ligne B,Nuit,Moreau,80.9,3.68,6.51,1700,56.2,103,8,7.77,82,OK
M0005,2024-04-11,07:24,M001,Ligne C,Après-midi,Moreau,60.7,3.27,5.86,1463,33.1,100,1,1.0,35,OK
M0006,2024-02-07,10:06,M005,Ligne D,Matin,Robert,75.3,3.73,6.4,1537,51.5,110,6,5.45,27,OK
M0007,2024-03-04,15:15,M002,Ligne D,Nuit,Moreau,78.2,1.52,6.21,1353,32.7,147,6,4.08,14,OK
M0008,2024-02-03,07:49,M003,Ligne C,Après-midi,Martin,89.0,1.99,6.62,1509,,94,5,5.32,100,OK
M0009,2024-06-13,15:01,M003,Ligne C,Après-midi,Durand,78.0,2.04,5.98,1694,51.1,125,4,3.2,89,OK
M0010,2024-06-21,08:13,M003,Ligne D,Matin,Moreau,71.7,1.78,6.76,1284,49.6,148,8,5.41,0,OK
M0011,2024-03-16,06:15,M001,Ligne A,Après-midi,Moreau,1200,3.32,6.09,1717,59.7,130,1,0.77,87,OK
M0012,2024-05-22,19:23,M004,Ligne B,Après-midi,Dubois,73.0,4.05,6.08,1212,63.6,96,6,6.25,110,OK
M0013,2024-03-14,13:47,M002,Ligne A,Après-midi,Robert,79.3,3.73,-1.2,1387,61.2,91,3,3.3,45,OK
M0014,2024-05-20,08:15,M002,Ligne D,Matin,Durand,78.1,3.51,6.3,1593,40.0,97,3,3.09,35,OK
M0015,2024-04-23,10:14,M002,Ligne D,Nuit,Robert,75.6,3.35,6.63,1440,44.0,149,1,0.67,17,OK
M0016,2024-02-20,12:12,M003,Ligne B,Matin,Moreau,64.4,3.49,6.52,1506,50.6,120,8,6.67,80,OK
M0017,2024-03-05,19:38,M005,Ligne A,Matin,Thomas,,3.01,5.93,1291,50.2,101,0,0.0,51,OK
M0018,2024-02-10,18:44,M004,Ligne B,Nuit,Moreau,68.0,2.4,,1217,36.5,91,4,4.4,28,OK
M0019,2024-04-17,15:49,M004,Ligne D,Matin,Robert,68.3,3.73,6.13,1680,49.3,136,7,5.15,98,OK
M0020,2024-06-26,18:52,M004,Ligne A,Après-midi,Martin,81.9,3.88,6.5,1489,46.2,96,8,8.33,13,OK
M0021,01/01/2024,16:05,M004,Ligne C,Après-midi,Dubois,76.1,3.23,5.74,1292,51.6,126,8,6.35,109,OK
M0022,2024-05-26,09:50,M005,Ligne D,Nuit,Durand,84.5,1.29,5.57,1448,36.8,-21,4,4.3,108,OK
M0023,2024-04-26,11:40,M003,Ligne C,Après-midi,Dubois,76.5,2.91,6.45,1664,32.9,83,0,0.0,82,OK
M0024,2024-02-16,07:50,M005,Ligne A,Nuit,Robert,81.8,4.0,,1393,55.5,130,4,3.08,82,OK
M0025,2024-05-27,22:16,M004,Ligne A,Après-midi,Durand,70.1,1.2,5.69,1715,44.6,117,5,4.27,14,OK
M0026,2024-03-22,12:39,M003,Ligne A,Nuit,Martin,79.9,3.48,6.63,1435,30.0,125,3,2.4,81,OK
M0027,2024-06-05,09:04,M001,Ligne D,Après-midi,Dubois,81.9,1.02,6.3,1468,49.6,134,8,5.97,1,OK
M0028,2024-03-18,07:27,M003,Ligne B,Après-midi,Thomas,79.4,2.3,6.36,1377,44.7,145,1,0.69,48,YES
M0029,2024-04-11,13:17,M002,Ligne B,Matin,Bernard,75.4,2.05,5.53,1716,35.2,129,6,4.65,77,OK
M0030,2024-06-12,06:16,M004,Ligne B,Matin,Dubois,56.4,0.53,6.33,1592,46.2,122,4,3.28,74,OK
M0031,2024-03-03,20:40,M004,Ligne C,Après-midi,Dubois,81.2,3.27,6.8,1326,37.1,91,1,1.1,90,OK
M0032,2024-02-03,08:54,M002,Ligne A,Nuit,Martin,74.4,1.75,6.63,1743,47.8,100,0,0.0,65,OK
M0033,2024-05-22,21:37,M003,Ligne B,Nuit,Petit,66.6,3.1,6.66,1530,42.5,94,5,5.32,71,OK
M0034,2024-04-07,13:34,M004,Ligne A,Nuit,Petit,74.8,0.78,6.31,1511,49.9,146,1,0.68,12,OK
M0035,2024-04-28,11:59,M004,Ligne B,Matin,Bernard,76.2,4.38,6.61,1476,50.4,105,3,2.86,8,OK
M0036,2024-06-20,19:52,M004,Ligne D,Matin,Thomas,80.6,1.04,6.6,1589,45.3,122,7,5.74,42,OK
M0037,2024-03-07,18:04,M001,Ligne A,Après-midi,Petit,64.2,2.63,5.86,1449,49.8,150,2,1.33,61,OK
M0038,2024-05-21,11:30,M003,Ligne A,Matin,Martin,75.0,4.35,6.47,1221,129600.0,114,0,0.0,97,OK
M0039,2024-06-19,08:45,M002,Ligne B,Matin,Martin,77.9,2.0,5.65,1361,54.2,80,0,0.0,22,OK
M0040,2024-04-03,08:46,M003,Ligne D,Nuit,Durand,56.4,1.86,6.57,1391,35.6,146,4,2.74,102,OK
M0041,2024-05-11,11:29,M005,Ligne A,Nuit,Moreau,83.0,1.05,6.29,1689,51.8,147,6,4.08,40,OK
M0042,2024-05-23,06:09,M001,Ligne B,Nuit,Martin,76.9,0.5,6.68,1406,47.5,102,5,4.9,7,OK
M0043,2024-01-26,16:17,M003,Ligne D,Nuit,Robert,80.3,2.39,6.76,1492,47.6,125,0,0.0,110,OK
M0044,2024-02-24,10:27,M001,Ligne D,Nuit,Petit,68.5,1.86,6.55,1630,46.7,126,7,173.79,90,OK
M0045,2024-05-25,07:10,M005,Ligne B,Après-midi,Moreau,68.7,1.15,6.01,1464,44.9,116,0,0.0,49,OK
M0046,2024-06-02,10:11,M005,Ligne B,Après-midi,Durand,72.7,1.18,6.16,1543,34.2,99,2,2.02,111,OK
M0047,2024-06-15,17:20,M003,Ligne C,Matin,Bernard,79.1,2.44,5.89,1701,47.6,104,2,1.92,69,OK
M0048,2024-02-23,18:43,M002,Ligne B,Après-midi,Moreau,69.9,2.83,6.1,1680,42.3,97,5,5.15,88,OK
M0049,2024-06-21,11:45,M004,Ligne A,Après-midi,Robert,78.2,3.69,5.69,1761,39.2,135,6,4.44,31,OK
M0050,2024-03-16,06:36,M002,Ligne A,Nuit,Robert,68.7,4.4,6.13,1766,40.0,142,1,0.7,111,OK
M0051,2024-06-24,10:50,M002,Ligne D,Matin,Bernard,75.9,1.7,5.72,1598,41.0,149,5,3.36,49,OK
M0052,2024-04-28,16:28,M002,Ligne D,Matin,Martin,70.2,0.83,5.95,1361,45.0,96,6,6.25,101,OK
M0053,2024-02-11,09:46,M005,Ligne D,Nuit,Petit,66.7,3.48,6.12,1538,39.7,119,4,3.36,29,OK
M0054,2024-05-03,19:52,M005,Ligne D,Nuit,Petit,74.8,1.02,6.31,1607,43.0,141,8,5.67,52,OK
M0055,2024-03-08,13:43,M004,Ligne D,Après-midi,Petit,69.8,2.39,6.3,1373,41.5,122,1,0.82,104,OK
M0056,2024-01-21,11:56,M003,Ligne C,Nuit,Dubois,77.8,2.66,5.8,1404,39.8,145,7,4.83,85,OK
M0057,2024-02-01,17:52,M002,Ligne B,Nuit,Dubois,71.9,3.88,6.51,1508,43.3,126,1,0.79,68,OK
M0058,2024-01-10,15:38,M001,Ligne A,Nuit,Martin,70.7,2.84,6.15,1714,42.0,93,4,4.3,100,OK
M0059,2024-01-07,20:26,M004,Ligne D,Matin,Martin,80.9,1.76,5.73,1613,64.0,145,0,0.0,84,OK
M0060,2024-03-15,14:44,M004,Ligne B,Nuit,Moreau,71.9,3.03,5.93,1277,39.4,91,6,6.59,65,OK
M0061,2024-05-28,17:00,M004,Ligne D,Nuit,Durand,79.6,1.38,6.24,1600,178200.0,117,2,1.71,38,OK
M0062,2024-04-16,17:11,M002,Ligne B,Nuit,Thomas,79.2,0.6,6.81,1337,51.7,144,7,4.86,91,OK
M0063,2024-05-04,20:20,M005,Ligne D,Nuit,Durand,77.3,1.44,5.71,1279,44.2,142,1,0.7,75,OK
M0064,2024-03-12,09:06,M002,Ligne A,Matin,Moreau,70.1,4.45,5.51,1632,41.9,109,6,5.5,11,OK
M0065,2024-00-00,16:50,M004,Ligne B,Matin,Moreau,83.6,1.07,6.45,1572,41.2,130,2,1.54,89,OK
M0066,2024-04-02,20:22,M004,Ligne C,Après-midi,Bernard,75.2,0.91,6.04,1656,50.9,134,2,1.49,88,OK
M0067,2024-06-17,15:53,M005,Ligne C,Matin,Robert,73.7,0.51,6.43,1469,58.3,144,1,0.69,111,OK
M0068,2024-05-26,16:22,M003,Ligne A,Matin,Thomas,68.8,0.6,6.06,1412,42.2,133,6,4.51,5,OK
M0069,2024-05-22,10:39,M005,Ligne D,Après-midi,Petit,78.0,2.03,5.65,1238,46.0,102,4,3.92,51,OK
M0070,2024-05-01,13:32,M001,Ligne C,Matin,Martin,77.2,3.21,6.84,1758,52.2,83,1,1.2,27,OK
M0071,2024-01-09,20:42,M003,Ligne C,Nuit,Martin,70.0,4.07,6.09,1483,49.7,148,5,3.38,98,OK
M0072,2024-02-23,09:43,M005,Ligne A,Nuit,Dubois,63.0,4.11,6.35,1368,54.5,121,8,6.61,56,OK
M0073,2024-02-12,07:33,M005,Ligne D,Matin,Bernard,78.1,3.14,6.62,1474,28.1,148,6,4.05,119,OK
M0074,2024-04-01,14:27,M004,Ligne C,Après-midi,Martin,75.3,4.31,5.42,1629,,108,7,6.48,28,OK
M0075,2024-04-22,06:43,M003,Ligne B,Nuit,Moreau,74.2,2.13,6.62,1271,44.2,140,5,3.57,22,OK
M0076,2024-01-28,21:05,M002,Ligne B,Matin,Robert,74.7,3.49,5.7,1638,51.5,108,2,1.85,65,OK
M0077,2024-04-02,18:28,M005,Ligne C,Nuit,Robert,56.1,0.63,5.91,1640,47.9,137,5,3.65,109,OK
M0078,2024-02-28,13:19,M003,Ligne B,Après-midi,Dubois,65.1,2.05,6.54,1461,40.7,118,1,0.85,119,OK
M0079,2024-04-03,22:02,M004,Ligne C,Matin,Petit,78.1,2.79,6.64,1253,53.2,102,3,2.94,102,OK
M0080,2024-03-01,14:17,M001,Ligne A,Après-midi,Robert,64.8,2.44,6.31,1484,47.3,112,2,1.79,78,OK
M0081,2024-05-22,21:42,M001,Ligne C,Nuit,Bernard,72.2,1.16,5.89,1598,47.9,142,1,0.7,72,OK
M0082,2024-01-18,17:45,M005,Ligne D,Matin,Robert,75.0,0.99,6.46,1655,38.0,91,5,5.49,85,OK
M0083,2024-04-02,15:11,M003,Ligne A,Nuit,Petit,55.6,3.3,6.69,1776,150120.0,104,7,6.73,69,OK
M0084,2024-01-24,08:30,M002,Ligne B,Matin,Moreau,74.5,2.32,6.56,1545,45.6,133,4,3.01,106,OK
M0085,2024-05-11,15:30,M004,Ligne C,Matin,Moreau,82.3,2.2,5.2,1624,51.8,91,2,2.2,26,En panne
M0086,2024-02-08,06:39,M005,Ligne C,Matin,Martin,67.2,3.1,6.31,1231,120960.0,111,3,2.7,107,OK
M0087,2024-03-17,10:48,M003,Ligne A,Nuit,Moreau,83.0,2.44,6.36,1408,,120,5,4.17,51,OK
M0088,2024-01-28,12:32,M003,Ligne C,Nuit,Petit,69.4,1.68,6.47,1797,37.7,89,7,7.87,113,OK
M0089,2024-06-27,06:24,M004,Ligne B,Nuit,Robert,71.2,0.51,6.55,1702,36.9,88,8,9.09,28,OK
M0090,2024-04-10,20:06,M005,Ligne C,Après-midi,Moreau,72.4,3.53,6.43,1746,60.9,139,2,1.44,11,OK
M0091,2024-04-14,22:49,M002,Ligne A,Matin,Moreau,73.5,2.85,6.48,1261,45.5,130,8,6.15,36,OK
M0092,2024-05-03,07:01,M001,Ligne A,Après-midi,Dubois,61.8,0.89,6.55,1424,50.3,116,4,3.45,24,OK
M0093,2024-03-16,07:02,M005,Ligne B,Nuit,Petit,67.5,0.75,6.59,1509,29.3,132,1,0.76,17,OK
M0094,2024-06-03,08:18,M005,Ligne B,Matin,Bernard,77.8,1.28,6.95,1385,40.1,86,8,9.3,59,OK
M0095,2024-06-28,19:39,M003,Ligne D,Nuit,Moreau,87.1,1.76,5.22,1299,41.2,148,5,3.38,108,OK
M0096,2024-04-05,12:34,M004,Ligne D,Après-midi,Petit,62.3,3.19,6.33,1300,57.0,93,3,3.23,24,OK
M0097,2024-02-23,09:52,M002,Ligne C,Nuit,Moreau,73.3,3.97,6.26,1703,36.9,122,6,4.92,112,OK
M0098,2024-02-19,21:04,M002,Ligne D,Nuit,Martin,70.4,1.72,6.11,1293,39.4,92,0,0.0,27,OK
M0099,2024-01-12,15:30,M004,Ligne B,Après-midi,Bernard,81.4,2.07,6.05,1506,37.1,145,8,5.52,62,OK
M0100,2024-02-12,12:18,M001,Ligne B,Matin,Bernard,,3.45,6.11,1737,55.5,116,1,0.86,106,OK
M0101,2024-06-20,21:46,M001,Ligne C,Nuit,Robert,90.3,2.16,6.27,1259,50.3,93,8,8.6,11,OK
M0102,2024-04-18,09:04,M001,Ligne B,Nuit,Bernard,83.6,1.51,6.17,1415,31.7,101,6,5.94,13,OK
M0103,2024-01-02,13:59,M001,Ligne A,Après-midi,Petit,85.7,3.17,6.69,1669,60.0,148,2,1.35,94,OK
M0104,2024-02-28,17:22,M001,Ligne B,Nuit,Dubois,70.0,4.1,6.35,1292,51.8,98,4,4.08,74,OK
M0105,2024-02-17,09:59,M005,Ligne A,Matin,Thomas,80.8,2.62,5.58,1396,49.8,148,0,0.0,92,OK
M0106,2024-06-10,07:51,M004,Ligne C,Nuit,Moreau,81.6,3.13,6.14,1663,47.1,121,2,1.65,27,OK
M0107,2024-05-26,19:00,M004,Ligne C,Après-midi,Petit,73.5,2.92,5.81,1790,44.4,104,4,3.85,5,OK
M0108,2024-01-13,09:08,M003,Ligne C,Matin,Durand,66.6,1.28,6.5,1766,43.1,137,8,5.84,35,OK
M0109,2024-03-03,22:45,M002,Ligne C,Après-midi,Moreau,69.7,3.53,5.36,1423,45.9,90,8,8.89,57,OK
M0110,2024-03-15,11:21,M002,Ligne C,Après-midi,Martin,77.2,3.45,5.87,1297,55.0,81,2,2.47,84,OK
M0111,2024-01-02,15:57,M003,Ligne A,Après-midi,Thomas,63.0,4.41,6.24,1302,32.5,136,2,1.47,88,OK
M0112,2024-03-11,10:39,M003,Ligne C,Nuit,Thomas,78.9,0.75,6.92,1394,42.0,147,7,4.76,98,OK
M0113,2024-06-05,18:45,M004,Ligne D,Matin,Bernard,73.6,,6.12,1275,50.8,90,4,4.44,19,OK
M0114,2024-06-12,14:42,M001,Ligne A,Après-midi,Durand,78.1,3.66,6.49,1477,56.0,81,1,1.23,49,OK
M0115,2024-05-07,09:33,M004,Ligne A,Après-midi,Durand,75.9,,6.19,1372,39.3,89,8,8.99,81,OK
M0116,2024-02-02,07:14,M002,Ligne D,Matin,Petit,56.7,2.72,6.7,1650,39.7,86,3,3.49,19,OK
M0117,2024-01-19,17:02,M002,Ligne A,Nuit,Durand,68.8,2.49,6.12,1475,32.5,132,8,6.06,73,OK
M0118,2024-06-22,08:15,M99,Ligne A,Après-midi,Durand,84.5,2.02,5.57,1524,33.3,142,8,5.63,4,OK
M0119,2024-02-03,18:25,M005,Ligne D,Matin,Moreau,76.3,0.8,5.9,1484,163080.0,86,8,9.3,28,OK
M0120,2024-03-08,08:23,M005,Ligne D,Matin,Bernard,79.4,2.47,6.46,1264,48.2,118,7,5.93,100,OK
M0121,2024-02-25,15:26,M001,Ligne A,Matin,Thomas,75.7,,6.05,1261,35.5,88,7,7.95,4,OK
M0122,2024-03-23,09:55,M002,Ligne A,Après-midi,Robert,68.1,4.43,5.66,1784,34.0,129,2,1.55,76,OK
M0123,2024-04-15,08:19,M005,Ligne C,Matin,Petit,63.3,2.26,5.65,1481,47.2,87,5,5.75,64,OK
M0124,2024-02-12,08:16,M004,Ligne A,Matin,Petit,65.7,2.06,5.73,1348,34.1,140,6,4.29,11,OK
M0125,2024-06-18,11:53,M002,Ligne B,Nuit,Petit,74.9,2.64,6.39,1567,28.0,144,4,2.78,108,OK
M0126,2024-05-09,12:40,M002,Ligne B,Matin,Robert,71.1,1.79,6.11,1731,37.9,116,1,0.86,32,OK
M0127,2024-06-22,07:09,M003,Ligne D,Matin,Dubois,69.6,1.25,6.48,1245,44.3,108,4,3.7,72,OK
M0128,2024-04-17,06:30,M002,Ligne A,Nuit,Moreau,72.6,3.03,,1254,38.4,123,8,6.5,99,OK
M0129,2024-03-02,17:26,M002,Ligne C,Nuit,Petit,70.8,2.84,6.25,1589,121680.0,92,6,6.52,44,OK
M0130,2024-04-17,16:51,M003,Ligne C,Matin,Petit,82.7,1.3,5.73,1246,44.5,84,2,2.38,91,OK
M0131,2024-02-27,07:05,M004,Ligne C,Après-midi,Bernard,62.4,0.78,6.77,1588,54.3,121,7,5.79,82,OK
M0132,2024-05-28,09:45,M005,Ligne B,Matin,Durand,72.0,3.71,6.4,1692,49.6,127,8,6.3,119,OK
M0133,2024-01-07,16:19,M005,Ligne A,Matin,Martin,60.6,3.72,150,1422,38.8,141,3,2.13,111,OK
M0134,2024-05-21,19:13,M001,Ligne C,Matin,Robert,66.3,4.21,0,1602,49.0,98,8,8.16,98,OK
M0135,2024-01-20,14:08,M002,Ligne A,Après-midi,Robert,78.1,4.2,6.16,1462,44.9,148,4,2.7,119,OK
M0136,2024-05-16,12:20,M001,Ligne C,Après-midi,Martin,89.2,3.92,6.57,1719,37.1,85,7,8.24,116,OK
M0137,2024-05-07,09:04,M003,Ligne C,Après-midi,Thomas,69.3,1.02,5.93,1274,38.0,81,7,8.64,79,OK
M0138,2024-01-02,14:48,M004,Ligne D,Matin,Durand,76.4,3.14,6.16,1791,40.2,124,0,0.0,82,OK
M0139,2024-06-11,17:04,M003,Ligne B,Nuit,Bernard,75.5,2.37,6.16,1358,62.8,86,4,4.65,62,OK
M0140,2024-06-13,13:51,M005,Ligne B,Nuit,Robert,64.3,2.17,5.9,1758,37.8,117,4,3.42,61,OK
M0141,2024-03-25,21:28,M002,Ligne C,Après-midi,Moreau,69.5,2.95,6.11,1761,35.7,137,2,1.46,95,OK
M0142,2024-05-08,08:46,M001,Ligne A,Nuit,Petit,77.0,2.89,6.02,1498,52.0,132,6,4.55,99,OK
M0143,2024-05-07,14:14,M004,Ligne D,Après-midi,Petit,66.7,3.45,5.95,1270,53.8,124,5,4.03,104,OK
M0144,2024-06-03,17:29,M003,Ligne B,Nuit,,83.3,4.34,6.16,1345,44.2,109,8,7.34,52,OK
M0145,2024-06-04,15:59,M005,Ligne B,Après-midi,Robert,87.1,1.98,5.64,1361,35.7,118,8,6.78,1,OK
M0146,2024-01-24,13:52,M004,Ligne D,Nuit,Thomas,80.8,3.51,5.93,1661,51.1,103,2,1.94,73,OK
M0147,2024-04-12,22:05,M003,Ligne B,Après-midi,Moreau,65.2,2.07,6.61,1497,38.3,97,7,7.22,64,OK
M0148,2024-01-06,10:38,M003,Ligne A,Matin,Moreau,88.2,2.01,6.25,1735,46.1,144,6,4.17,105,OK
M0149,2024-01-11,20:44,M002,Ligne A,Matin,Moreau,76.5,0.86,6.48,1630,45.5,119,7,5.88,47,OK
M0150,2024-04-05,15:50,M002,Ligne B,Matin,Petit,87.3,2.07,6.4,1656,45.2,91,3,3.3,55,OK
M0151,2024-05-21,20:43,M003,Ligne B,Matin,Petit,79.9,1.19,6.39,1356,45.7,102,7,6.86,59,OK
M0152,2024-06-22,08:36,M004,Ligne C,Matin,Moreau,93.5,4.36,6.19,1316,60.9,88,6,6.82,62,OK
M0153,2024-04-05,14:35,M002,Ligne B,Matin,Bernard,84.4,0.64,5.65,1687,58.9,139,8,5.76,119,OK
M0154,2024-05-24,07:23,M004,Ligne C,Matin,Moreau,76.8,1.97,6.08,1413,43.1,142,1,0.7,59,OK
M0155,2024-05-10,07:18,M003,Ligne A,Nuit,Bernard,,4.33,5.65,1620,40.5,125,6,4.8,111,OK
M0156,2024-01-25,13:26,M004,Ligne B,Après-midi,Petit,73.9,3.19,6.79,1588,54.5,134,3,2.24,65,OK
M0157,2024-03-11,21:50,M005,Ligne A,Après-midi,Petit,78.6,0.9,6.26,1347,44.2,132,2,1.52,9,OK
M0158,2024-03-08,19:14,machine1,Ligne A,Matin,Thomas,75.8,0.68,6.15,1572,41.6,84,8,9.52,102,OK
M0159,2024-06-02,10:11,M005,Ligne B,Après-midi,Durand,72.7,1.18,6.16,1543,34.2,99,2,2.02,111,OK
M0160,2024-02-19,22:31,M003,Ligne C,Nuit,Thomas,82.9,4.31,6.79,1374,36.0,109,1,0.92,52,OK
M0161,2024-04-10,11:53,M001,Ligne A,Matin,Durand,83.2,2.14,6.56,1769,40.8,139,2,1.44,25,OK
M0162,2024-05-12,19:07,M004,Ligne C,Après-midi,Petit,74.6,1.31,6.36,1798,47.9,137,7,5.11,40,OK
M0163,2024-04-26,15:21,M005,Ligne C,Matin,Bernard,70.7,2.43,5.95,1287,62.3,94,2,2.13,44,OK
M0164,2024-01-10,16:44,M001,Ligne B,Nuit,Thomas,65.5,3.91,6.68,1315,44.6,98,4,4.08,1,OK
M0165,2024-03-27,07:57,M002,Ligne A,Après-midi,Moreau,69.1,4.13,5.98,1333,41.0,81,2,2.47,80,OK
M0166,2024-03-13,12:03,M005,Ligne D,Nuit,Durand,67.2,1.52,6.13,1538,34.1,127,1,0.79,68,OK
M0167,2024-05-13,21:42,M004,Ligne B,Après-midi,Dubois,54.3,3.4,6.09,1795,57.4,114,6,5.26,45,OK
M0168,2024-01-22,06:59,M99,Ligne C,Matin,Moreau,83.4,0.64,6.78,1656,50.5,82,7,8.54,19,OK
M0169,2024-06-22,21:07,M005,Ligne A,Après-midi,Moreau,78.5,2.74,5.91,1674,47.3,99,4,4.04,38,OK
M0170,2024-05-21,16:03,M004,Ligne B,Nuit,Martin,69.7,2.7,6.06,1425,,137,5,3.65,11,OK
M0171,2024-01-24,12:46,M003,Ligne B,Après-midi,Bernard,56.0,1.97,5.95,1507,42.1,91,6,6.59,72,OK
M0172,2024-05-02,11:48,M001,Ligne B,Après-midi,Dubois,68.6,1.98,6.38,1532,46.7,90,0,0.0,19,OK
M0173,2024-01-02,11:42,M005,Ligne D,Nuit,Thomas,80.0,3.14,6.16,1352,50.2,140,7,5.0,22,OK
M0174,2024-03-04,10:13,M005,Ligne D,Matin,Thomas,79.4,2.3,6.06,1363,60.9,134,5,3.73,35,OK
M0175,2024-02-24,13:06,M001,Ligne D,Nuit,Thomas,78.5,2.82,5.62,1533,51.5,109,1,0.92,41,OK
M0176,2024-02-27,12:37,M002,Ligne D,Matin,Dubois,69.0,2.89,5.71,1221,51.8,96,3,3.12,8,OK
M0177,2024-04-23,15:58,M002,Ligne B,Nuit,Martin,80.8,2.06,6.6,1791,39.9,120,4,3.33,72,OK
M0178,2024-04-14,10:36,M002,Ligne A,Nuit,Robert,77.7,1.72,6.35,1387,41.9,129,6,4.65,76,OK
M0179,2024-03-18,21:11,M002,Ligne C,Après-midi,Durand,73.6,3.92,5.86,1482,48.5,130,3,2.31,52,OK
M0180,2024-05-08,16:04,M002,Ligne C,Matin,Dubois,70.1,1.38,6.05,1272,44.3,88,0,0.0,110,OK
M0181,2024-01-02,20:56,M004,Ligne A,Après-midi,Thomas,92.6,1.98,6.46,1569,167040.0,129,7,5.43,117,OK
M0182,2024-01-08,19:54,M001,Ligne D,Nuit,Petit,65.6,1.66,6.52,1614,52.0,138,5,3.62,11,OK
M0183,2024-03-11,12:31,M004,Ligne A,Nuit,Petit,92.8,3.04,6.79,1566,53.4,130,3,2.31,54,OK
M0184,2024-06-27,13:19,M002,Ligne B,Nuit,Thomas,60.5,1.57,6.08,1606,62.8,138,3,2.17,89,OK
M0185,2024-03-07,07:06,M005,Ligne C,Nuit,Dubois,78.8,4.44,6.69,1641,37.2,101,6,5.94,20,OK
M0186,2024-04-15,13:45,M005,Ligne A,Après-midi,Bernard,82.0,0.91,6.5,1286,40.7,144,2,1.39,5,OK
M0187,2024-03-10,12:12,M001,Ligne B,Nuit,Petit,74.1,0.97,6.12,1664,36.6,143,1,0.7,28,OK
M0188,2024-04-23,19:20,M005,Ligne C,Après-midi,Thomas,85.7,1.82,,1521,42.9,118,8,6.78,39,OK
M0189,2024-01-19,13:46,M003,Ligne D,Nuit,Dubois,69.7,1.73,6.85,1227,35.4,-49,4,2.86,83,OK
M0190,2024-02-02,12:02,M005,Ligne B,Nuit,Petit,63.0,3.03,6.34,1338,57.8,138,0,0.0,37,OK
M0191,2024-02-15,20:39,M004,Ligne C,Matin,Petit,0.1,1.78,6.13,1512,44.0,101,5,4.95,78,OK
M0192,2024-06-05,20:56,M004,Ligne D,Nuit,Robert,78.2,3.43,5.85,1217,47.7,87,2,2.3,40,OK
M0193,2024-00-00,07:18,M005,Ligne B,Après-midi,Thomas,69.2,3.56,6.47,1663,42.3,137,6,4.38,0,OK
M0194,2024-04-05,08:18,M003,Ligne D,Nuit,Bernard,58.7,0.87,5.76,1506,37.5,88,6,6.82,107,OK
M0195,2024-02-19,21:30,M002,Ligne B,Matin,Bernard,66.8,0.97,6.68,1435,38.8,94,7,7.45,86,OK
M0196,2024-03-02,20:45,M002,Ligne A,Matin,Durand,73.5,2.65,5.88,1645,24.1,89,2,2.25,3,OK
M0197,2024-06-04,06:43,M001,Ligne B,Nuit,Bernard,70.2,2.19,6.56,1679,48.0,147,4,2.72,70,OK
M0198,2024-06-23,13:58,M001,Ligne D,Après-midi,Durand,96.0,1.75,5.91,1765,57.5,105,7,6.67,106,OK
M0199,2024-01-10,09:37,M002,Ligne A,Nuit,Moreau,83.5,1.52,-1.2,1577,50.4,94,2,2.13,39,ERREUR
M0200,2024-03-01,07:11,M001,Ligne B,Matin,Martin,85.0,2.77,5.84,1477,48.0,115,8,6.96,72,OK
M0201,2024-02-21,17:46,M003,Ligne D,Matin,Bernard,66.4,3.07,6.13,1776,42.3,81,2,2.47,56,OK
M0202,2024-06-09,08:32,M004,Ligne C,Après-midi,Petit,83.7,3.67,6.23,1342,44.4,136,2,1.47,29,OK
M0203,2024-04-04,13:06,M002,Ligne D,Nuit,Petit,81.4,3.78,6.3,1378,53.0,137,8,5.84,95,OK
M0204,2024-04-28,06:03,M003,Ligne D,Nuit,Dubois,79.1,1.39,5.72,1733,36.5,118,7,5.93,82,OK
M0205,2024-02-16,13:14,M002,Ligne A,Après-midi,Martin,88.3,1.73,5.81,1518,50.3,95,4,4.21,47,OK
M0206,2024-05-25,12:26,M004,Ligne D,Matin,,77.6,2.79,5.93,1312,48.1,-3,2,1.5,52,OK
M0207,2024-06-18,07:00,M003,Ligne A,Nuit,Dubois,76.8,4.45,6.03,1501,47.4,-39,5,5.75,115,OK
M0208,2024-04-25,06:44,M004,Ligne B,Après-midi,Robert,81.9,0.54,5.53,1339,43.0,124,4,3.23,60,OK
M0209,2024-01-20,13:30,M004,Ligne A,Après-midi,Petit,84.9,2.32,6.24,1468,32.2,127,1,0.79,86,OK
M0210,2024-04-21,11:46,M003,Ligne C,Après-midi,Dubois,64.0,2.6,6.36,1337,50.3,104,1,0.96,42,OK
M0211,2024-01-02,13:59,M001,Ligne A,Après-midi,Petit,85.7,3.17,6.69,1669,60.0,148,2,1.35,94,OK
M0212,2024-02-16,10:48,M002,Ligne A,Après-midi,Petit,64.5,2.79,6.58,1287,47.5,131,8,6.11,55,OK
M0213,2024-01-28,20:01,M003,Ligne B,Nuit,Petit,63.5,3.91,6.4,1249,28.5,85,1,1.18,80,OK
M0214,2024-01-27,08:58,M005,Ligne C,Nuit,Thomas,71.0,2.69,6.33,1412,41.5,110,0,0.0,1,OK
M0215,2024-02-21,17:28,M003,Ligne C,Après-midi,Petit,77.6,2.62,6.86,1774,55.1,81,1,1.23,85,OK
M0216,2024-06-08,17:43,M001,Ligne C,Nuit,Martin,86.4,1.02,6.03,1369,48.3,136,0,0.0,52,OK
M0217,2024-06-04,14:30,M004,Ligne C,Nuit,Robert,70.3,3.93,6.37,1367,46.1,87,3,3.45,104,OK
M0218,2024-06-02,11:39,M003,Ligne D,Nuit,Durand,75.9,1.01,6.4,1661,50.0,132,3,2.27,120,OK
M0219,2024-02-10,12:55,M002,Ligne B,Nuit,Durand,87.2,4.14,7.07,1537,41.0,97,8,8.25,87,OK
M0220,2024-04-10,22:39,M004,Ligne C,Matin,Durand,77.3,1.83,6.28,1440,37.6,85,0,0.0,32,OK
M0221,2024-06-06,07:00,M005,Ligne C,Nuit,Thomas,62.7,0.88,6.11,1454,33.3,129,2,1.55,107,OK
M0222,2024-06-16,06:09,M005,Ligne C,Après-midi,Durand,67.1,1.12,6.8,1337,44.8,81,1,1.23,82,OK
M0223,2024-02-02,19:46,M004,Ligne B,Après-midi,Dubois,77.8,4.18,6.28,1359,,88,4,4.55,89,OK
M0224,2024-03-09,10:01,M004,Ligne B,Après-midi,Durand,81.7,4.48,5.77,1489,44.2,103,6,5.83,101,OK
M0225,2024-04-18,18:35,M001,Ligne A,Nuit,Durand,65.0,2.24,6.76,1464,44.8,120,1,0.83,11,OK
M0226,2024-04-20,18:18,M003,Ligne D,Matin,Dubois,65.7,1.95,6.14,1495,42.8,121,7,5.79,14,OK
M0227,2024-03-26,14:54,M005,Ligne B,Nuit,Duran,71.6,3.78,6.66,1645,49.7,96,3,3.12,37,OK
M0228,2024-01-08,12:53,M004,Ligne A,Nuit,Petit,75.8,3.34,6.06,1613,55.3,83,2,2.41,24,OK
M0229,2024-02-07,13:46,M005,Ligne D,Nuit,Petit,82.3,4.11,6.19,1567,45.0,131,0,0.0,29,OK
M0230,2024-03-07,11:23,M005,Ligne D,Nuit,Thomas,74.3,1.36,6.22,1485,45.2,88,1,1.14,102,OK
M0231,2024-02-17,08:36,M002,Ligne C,Après-midi,Petit,85.9,4.3,6.43,1660,45.9,127,5,3.94,56,OK
M0232,2024-01-01,22:26,M004,Ligne C,Matin,Petit,91.1,2.28,6.72,1476,47.7,135,7,5.19,71,OK
M0233,2024-04-01,21:42,M001,Ligne A,Après-midi,Martin,82.3,0.77,6.63,1354,54.5,127,0,0.0,79,OK
M0234,2024-05-15,22:53,M004,Ligne C,Matin,Martin,90.0,1.43,6.51,1732,39.9,123,5,4.07,62,OK
M0235,2024-01-17,11:06,M001,Ligne A,Matin,Durand,75.5,2.62,6.03,1217,66.8,144,6,4.17,103,OK
M0236,2024-03-03,19:32,M003,Ligne A,Nuit,Bernard,67.8,1.85,6.03,1397,56.5,102,6,5.88,105,OK
M0237,2024-04-07,22:30,M003,Ligne B,Nuit,Durand,81.5,3.47,6.85,1297,53.4,123,4,3.25,8,OK
M0238,2024-01-14,12:08,M003,Ligne C,Matin,Bernard,75.9,3.48,6.35,1345,47.8,109,4,3.67,16,OK
M0239,2024-05-13,13:22,M001,Ligne A,Matin,Petit,60.9,1.86,6.49,1606,52.0,114,7,6.14,62,OK
M0240,2024-04-24,12:46,M004,Ligne D,Après-midi,Bernard,73.8,2.04,6.57,1515,45.6,137,8,5.84,11,OK
M0241,2024-03-14,10:30,M002,Ligne A,Nuit,Robert,90.4,1.09,6.36,1223,49.4,117,6,5.13,87,OK
M0242,2024-04-20,17:54,M004,Ligne C,Nuit,Dubois,60.5,3.95,5.64,1597,43.0,130,1,0.77,44,OK
M0243,2024-06-14,06:05,M004,Ligne D,Nuit,Petit,71.9,1.16,6.0,1746,45.9,83,6,7.23,75,OK
M0244,2024-04-24,20:13,M001,Ligne B,Après-midi,Thomas,74.0,4.4,5.5,1475,50.2,133,1,0.75,24,OK
M0245,2024-04-24,16:16,M002,Ligne A,Après-midi,Bernard,65.0,3.38,6.03,1502,49.1,128,3,2.34,63,OK
M0246,2024-06-25,21:06,M005,Ligne B,Matin,Thomas,69.4,3.18,5.64,1253,42.8,92,6,6.52,42,OK
M0247,2024-05-02,07:01,M005,Ligne D,Nuit,Moreau,80.8,2.07,5.82,1706,38.4,125,4,3.2,41,OK
M0248,2024-02-28,08:09,M005,Ligne B,Après-midi,Robert,78.6,4.16,7.18,1502,37.8,123,1,0.81,59,OK
M0249,2024-04-22,16:01,M001,Ligne A,Matin,Dubois,77.8,2.8,,1433,51.9,137,6,4.38,55,OK
M0250,2024-06-20,15:53,M001,Ligne A,Après-midi,Durand,81.3,3.73,5.75,1670,24.0,128,1,0.78,70,OK
M0251,2024-05-01,11:20,M003,Ligne C,Après-midi,Petit,77.0,2.84,5.91,1672,46.9,104,8,7.69,43,OK
M0252,2024-03-28,09:50,M003,Ligne D,Matin,Robert,77.5,2.59,5.66,1629,48.5,92,1,1.09,72,OK
M0253,2024-05-17,20:31,M002,Ligne C,Après-midi,Thomas,80.5,4.09,5.78,1255,44.8,88,5,5.68,44,OK
M0254,2024-02-25,17:02,M005,Ligne B,Nuit,Martin,69.6,1.06,5.58,1363,53.4,98,7,7.14,120,OK
M0255,2024-01-18,12:58,M001,Ligne B,Nuit,Robert,79.3,3.01,6.81,1277,57.1,83,6,7.23,98,OK
M0256,2024-06-26,22:41,M005,Ligne C,Après-midi,Moreau,73.3,4.05,5.58,1589,51.1,120,6,5.0,78,OK
M0257,2024-05-25,21:59,M005,Ligne D,Après-midi,Dubois,64.1,1.04,5.36,1710,58.1,150,6,4.0,107,OK
M0258,2024-05-26,17:30,M004,Ligne A,Après-midi,Martin,68.8,3.07,6.48,1738,45.1,149,0,0.0,48,OK
M0259,2024-04-02,10:51,M004,Ligne D,Après-midi,Petit,82.3,1.1,5.72,1684,195840.0,110,3,2.73,38,OK
M0260,2024-03-07,06:19,M003,Ligne B,Après-midi,Bernard,71.5,3.16,5.72,1378,54.1,118,6,5.08,70,OK
M0261,2024-02-23,16:15,M004,Ligne C,Nuit,Moreau,68.4,1.11,5.68,1780,40.4,134,2,1.49,0,OK
M0262,2024-06-04,20:21,M002,Ligne C,Matin,Moreau,88.1,4.4,6.22,1539,41.0,117,2,1.71,102,OK
M0263,2024-05-22,09:57,M001,Ligne D,Nuit,Moreau,73.1,1.94,5.68,1576,45.0,100,4,171.92,98,OK
M0264,2024-05-01,10:58,M004,Ligne C,Matin,Moreau,70.2,3.42,6.17,1535,39.0,135,3,2.22,114,OK
M0265,2024-01-24,14:50,M003,Ligne B,Nuit,Petit,77.6,3.34,6.09,1543,39.1,111,1,0.9,44,True
M0266,2024-06-27,06:38,M003,Ligne B,Matin,Dubois,71.8,0.93,5.96,1769,35.9,108,6,5.56,108,OK
M0267,2024-06-24,18:54,M005,Ligne B,Matin,Thomas,72.3,4.23,6.69,1209,46.5,122,0,0.0,97,OK
M0268,2024-06-02,19:27,M002,Ligne B,Après-midi,Robert,88.7,1.45,6.26,1517,46.5,139,7,5.04,71,OK
M0269,2024-03-08,20:24,M004,Ligne A,Matin,Bernard,69.8,2.32,5.88,1635,38.7,134,8,5.97,104,OK
M0270,2024-02-17,18:58,M003,Ligne C,Nuit,Dubois,74.2,1.2,6.7,1587,37.3,89,8,8.99,32,OK
M0271,2024-05-13,06:54,M002,Ligne A,Après-midi,Thomas,82.0,2.13,5.8,1411,42.8,133,6,4.51,115,OK
M0272,2024-05-27,15:01,M005,Ligne A,Nuit,Thomas,54.8,4.04,5.68,1316,54.7,129,4,3.1,69,OK
M0273,2024-06-15,21:25,M001,Ligne A,Après-midi,Thomas,73.7,2.1,7.01,1780,52.1,120,3,2.5,83,OK
M0274,2024-05-06,06:33,M002,Ligne C,Matin,Dubois,76.9,1.31,6.04,1720,59.8,114,3,2.63,74,OK
M0275,2024-01-25,21:39,M003,Ligne B,Matin,Thomas,71.0,3.84,6.39,1309,38.6,95,1,1.05,86,OK
M0276,2024-02-06,06:05,M004,Ligne C,Après-midi,Bernard,79.8,1.5,6.58,1763,41.0,92,0,0.0,83,OK
M0277,2024-02-16,16:23,M001,Ligne B,Après-midi,Martin,68.8,2.95,6.03,1465,47.4,114,7,6.14,78,OK
M0278,2024-02-27,11:31,M004,Ligne A,Nuit,Dubois,76.3,3.82,6.56,1498,37.6,93,0,0.0,114,OK
M0279,2024-02-28,14:26,M004,Ligne B,Après-midi,Durand,80.9,0.82,5.86,1478,38.2,116,8,6.9,103,OK
M0280,2024-01-23,16:09,M002,Ligne C,Après-midi,Moreau,77.4,1.56,6.37,1511,48.2,85,3,3.53,106,OK
M0281,2024-01-01,14:58,M002,Ligne A,Matin,Dubois,76.6,3.82,6.41,1610,160200.0,127,1,0.79,74,OK
M0282,2024-06-14,10:10,M002,Ligne C,Matin,Dubois,68.2,1.99,6.57,1303,42.1,123,4,3.25,41,OK
M0283,2024-06-26,12:54,M001,Ligne D,Après-midi,Martin,67.7,3.35,5.88,1258,59.0,143,7,4.9,1,OK
M0284,2024-04-06,08:27,M001,Ligne C,Nuit,Robert,72.3,2.27,6.51,1251,,93,6,6.45,6,OK
M0285,2024-03-25,21:33,M004,Ligne C,Après-midi,Petit,100.6,1.58,6.73,1230,46.8,115,0,0.0,103,OK
M0286,2024-06-10,13:32,M003,Ligne A,Après-midi,Thomas,87.7,3.76,6.84,1775,54.7,108,8,7.41,49,OK
M0287,2024-01-22,11:31,M001,Ligne B,Matin,Durand,74.0,4.38,5.66,1358,39.0,127,1,0.79,31,OK
M0288,2024-01-23,17:55,M004,Ligne A,Matin,Martin,70.8,2.91,6.22,1201,56.0,135,8,5.93,53,OK
M0289,2024-05-25,07:06,M002,Ligne A,Après-midi,Thomas,62.8,0.96,6.72,1518,56.1,91,5,5.49,59,ERREUR
M0290,2024-05-03,08:33,M004,Ligne A,Nuit,Petit,62.8,1.07,6.27,1739,67.8,115,7,6.09,66,OK
M0291,2024-01-12,17:16,M002,Ligne D,Matin,Moreau,83.4,4.48,6.18,1335,50.0,115,1,0.87,83,OK
M0292,2024-02-06,15:36,M002,Ligne C,Matin,Bernard,86.1,2.56,6.25,1411,35.3,114,2,1.75,120,OK
M0293,2024-04-19,20:15,M005,Ligne D,Après-midi,Robert,71.6,2.24,6.16,1451,38.7,91,4,4.4,112,OK
M0294,2024-03-22,19:07,M001,Ligne D,Nuit,Robert,64.8,2.2,5.88,1420,39.8,145,1,0.69,44,OK
M0295,2024-03-20,18:49,M002,Ligne B,Nuit,Dubois,71.7,3.88,5.08,1306,35.8,136,2,1.47,78,OK
M0296,2024-02-18,17:07,M002,Ligne C,Après-midi,Durand,58.1,2.01,6.48,1282,40.2,149,2,1.34,83,OK
M0297,2024-05-21,09:02,M004,Ligne A,Matin,Petit,72.1,3.84,6.18,1332,45.9,93,7,7.53,24,OK
M0298,2024-05-17,20:56,M005,Ligne D,Après-midi,Dubois,78.4,1.02,6.1,1217,38.1,126,2,1.59,104,OK
M0299,2024-02-09,09:27,M001,Ligne C,Après-midi,Martin,75.1,2.89,6.53,1492,35.0,148,0,0.0,108,OK
M0300,2024-03-06,20:40,M003,Ligne A,Matin,Thomas,70.1,3.15,6.37,1438,22.0,92,6,6.52,35,OK
M0301,2024-05-25,13:05,M004,Ligne A,Après-midi,Martin,74.0,2.2,5.73,1603,30.8,92,7,7.61,63,OK
M0302,2024-03-09,11:06,M001,Ligne B,Après-midi,Bernard,81.8,2.31,6.48,1703,45.6,86,8,9.3,2,OK
M0303,2024-04-16,15:42,M003,Ligne C,Nuit,Bernard,77.4,2.99,6.24,1732,33.3,143,7,4.9,25,OK
M0304,2024-01-05,10:31,M004,Ligne B,Nuit,Petit,75.6,3.92,6.59,1620,57.7,128,6,4.69,84,OK
M0305,2024-05-12,10:50,M002,Ligne A,Après-midi,Dubois,75.5,1.96,6.1,1334,50.6,133,2,1.5,25,OK
M0306,2024-04-22,08:52,M001,Ligne B,Nuit,Thomas,73.7,3.57,6.84,1414,47.2,136,4,2.94,106,OK
M0307,2024-02-25,16:53,M003,Ligne A,Matin,Robert,88.7,4.18,6.04,1483,47.8,96,3,3.12,18,OK
M0308,2024-03-21,19:17,M004,Ligne B,Matin,Bernard,74.7,3.88,5.52,1620,38.7,88,3,3.41,108,OK
M0309,2024-04-10,20:58,M001,Ligne B,Nuit,Bernard,78.2,1.49,6.15,1771,46.0,108,8,7.41,48,OK
M0310,2024-01-04,14:29,M005,Ligne B,Matin,Moreau,66.5,3.62,6.77,1462,50.8,109,7,6.42,37,OK
M0311,01/01/2024,18:54,M005,Ligne D,Matin,Moreau,75.5,2.02,6.07,1348,56.0,101,5,4.95,53,OK
M0312,2024-03-27,19:05,M002,Ligne C,Nuit,Durand,73.8,0.7,6.49,1785,36.2,86,5,5.81,0,OK
M0313,2024-05-25,16:36,M004,Ligne B,Nuit,Moreau,78.0,1.37,6.29,1715,42.9,117,3,2.56,104,OK
M0314,2024-04-16,14:00,M004,Ligne C,Nuit,Robert,70.3,3.57,5.67,1320,48.7,96,3,3.12,0,OK
M0315,2024-06-10,11:20,M005,Ligne D,Matin,Petit,77.3,2.96,6.36,1260,30.7,124,8,6.45,35,OK
M0316,2024-02-23,22:36,M001,Ligne D,Nuit,Thomas,71.1,3.68,6.01,1711,46.0,148,0,0.0,80,OK
M0317,2024-05-09,19:21,M004,Ligne D,Matin,Moreau,70.7,1.26,6.26,1720,44.9,88,4,4.55,98,OK
M0318,2024-05-10,08:20,M002,Ligne C,Matin,Bernard,88.9,1.61,6.33,1763,52.0,142,0,0.0,7,OK
M0319,2024-02-05,20:47,M003,Ligne B,Nuit,Thomas,82.6,1.26,6.3,1599,54.0,125,7,5.6,10,OK
M0320,2024-02-19,21:37,M004,Ligne D,Après-midi,Petit,88.9,1.66,6.02,1236,41.3,118,4,3.39,7,OK
M0321,2024-04-09,14:32,M002,Ligne A,Matin,Robert,78.8,3.47,6.38,1415,50.4,123,3,2.44,87,OK
M0322,2024-06-11,19:52,M002,Ligne C,Nuit,Durand,90.7,2.27,7.4,1560,53.3,121,5,4.13,52,OK
M0323,2024-01-25,15:42,M001,Ligne A,Après-midi,Dubois,75.1,0.93,6.08,1725,37.5,112,0,0.0,8,OK
M0324,2024-03-12,08:28,M005,Ligne D,Nuit,Bernard,74.9,2.24,5.38,1746,42.3,149,3,2.01,103,OK
M0325,2024-05-05,13:48,M005,Ligne D,Après-midi,Martin,68.2,4.44,5.88,1788,51.3,145,4,2.76,50,OK
M0326,2024-03-20,19:47,M005,Ligne D,Matin,Robert,68.3,2.11,6.27,1478,35.7,90,0,0.0,113,True
M0327,2024-04-10,19:44,M004,Ligne B,Nuit,Robert,61.5,4.38,6.49,1681,40.8,93,2,2.15,42,OK
M0328,2024-06-22,21:54,M004,Ligne D,Après-midi,Martin,74.1,2.4,6.08,1475,46.3,118,4,3.39,35,OK
M0329,2024-02-27,10:38,M001,Ligne B,Nuit,Bernard,61.3,1.55,6.44,1441,30.7,84,5,5.95,10,OK
M0330,2024-03-09,12:25,M001,Ligne A,Après-midi,Durand,77.0,1.39,6.38,1512,36.9,109,3,2.75,3,OK
M0331,2024-06-27,15:38,M005,Ligne D,Matin,Thomas,87.4,2.68,5.68,1345,31.0,89,0,0.0,21,OK
M0332,2024-06-27,18:43,M002,Ligne C,Après-midi,Thomas,59.5,4.32,6.14,1469,44.9,111,4,3.6,11,ERREUR
M0333,2024-06-12,21:45,M005,Ligne B,Nuit,Robert,73.5,3.19,6.56,1255,42.7,108,7,6.48,42,OK
M0334,2024-06-28,11:07,M002,Ligne B,Nuit,Petit,77.3,0.51,6.34,1333,41.5,149,4,2.68,102,OK
M0335,2024-05-08,08:41,M002,Ligne B,Après-midi,Martin,65.5,2.4,5.52,1404,45.2,116,0,0.0,116,OK
M0336,2024-05-20,14:38,M001,Ligne D,Après-midi,Petit,70.6,3.79,6.83,1480,48.0,96,2,2.08,3,OK
M0337,2024-01-12,13:42,M005,Ligne C,Nuit,Martin,82.3,2.71,6.09,1573,165600.0,85,5,134.82,26,OK
M0338,2024-02-27,21:08,M002,Ligne B,Nuit,Moreau,78.2,1.17,6.14,1661,50.0,-43,5,5.81,1,OK
M0339,2024-06-19,18:29,M001,Ligne C,Après-midi,Durand,0.1,1.39,6.31,1731,33.6,108,7,6.48,47,OK
M0340,2024-06-16,12:44,M005,Ligne C,Nuit,Petit,55.0,1.62,6.3,1505,48.4,118,4,3.39,90,ERREUR
M0341,2024-01-10,16:33,M005,Ligne D,Après-midi,Martin,77.2,2.12,5.39,1579,36.3,80,1,1.25,49,OK
M0342,2024-04-07,14:45,M003,Ligne C,Nuit,Durand,450,0.6,7.2,1390,37.1,95,4,4.21,99,OK
M0343,2024-06-20,09:11,M004,Ligne C,Matin,Robert,80.2,3.22,5.98,1656,53.0,125,4,3.2,62,OK
M0344,2024-05-13,16:35,M001,Ligne C,Nuit,Robert,70.7,2.82,5.77,1657,31.5,148,7,4.73,44,OK
M0345,2024-03-18,21:01,M005,Ligne C,Matin,Robert,70.6,3.05,5.31,1570,40.9,105,2,1.9,30,OK
M0346,2024-06-11,22:34,M003,Ligne D,Après-midi,Thomas,79.8,3.45,6.88,1684,46.7,143,2,1.4,114,OK
M0347,2024-02-10,13:45,M005,Ligne D,Nuit,Petit,72.6,1.57,6.25,1334,52.7,142,1,0.7,3,OK
M0348,2024-02-24,15:08,M004,Ligne B,Nuit,Petit,87.1,4.22,6.08,1565,46.8,102,6,5.88,39,OK
M0349,2024-06-14,22:59,M004,Ligne C,Matin,Bernard,74.9,2.19,6.43,1586,66.9,141,6,4.26,68,OK
M0350,2024-03-28,09:39,M005,Ligne D,Nuit,Bernard,85.7,3.63,6.03,1556,36.1,104,1,0.96,67,OK
M0351,2024-02-10,21:09,M004,Ligne D,Matin,Moreau,86.4,1.16,5.55,1202,51.3,138,4,2.9,54,OK
M0352,2024-04-21,21:51,M005,Ligne A,Après-midi,Robert,61.5,3.76,6.37,1667,52.4,-39,6,5.26,88,OK
M0353,2024-01-15,07:27,M004,Ligne B,Après-midi,Bernard,80.2,2.63,6.26,1562,55.2,89,6,6.74,110,OK
M0354,2024-03-27,13:26,M003,Ligne D,Matin,Moreau,73.1,3.67,6.64,1764,52.7,107,6,5.61,57,OK
M0355,2024-03-12,07:58,M003,Ligne B,Après-midi,Moreau,999,2.8,5.66,1297,39.4,128,1,0.78,99,OK
M0356,2024-05-10,14:14,M004,Ligne D,Nuit,Moreau,62.4,2.28,6.23,1371,46.7,108,4,3.7,4,OK
M0357,2024-03-25,18:52,M003,Ligne C,Nuit,Moreau,96.2,4.23,6.29,1324,38.9,149,6,4.03,114,OK
M0358,2024-06-15,07:48,M002,Ligne D,Nuit,Moreau,76.0,2.54,5.92,1756,42.2,126,8,6.35,105,OK
M0359,2024-04-06,20:29,M002,Ligne C,Matin,Petit,89.5,1.84,6.71,1487,47.1,97,1,1.03,109,OK
M0360,2024-02-26,13:17,M005,Ligne B,Matin,Durand,89.4,3.74,5.38,1622,208440.0,122,6,4.92,102,OK
M0361,2024-02-11,08:57,M003,Ligne B,Nuit,Dubois,65.9,2.82,6.56,1440,42.7,92,4,4.35,79,OK
M0362,2024-03-16,06:36,M002,Ligne A,Nuit,Robert,68.7,4.4,6.13,1766,40.0,142,1,0.7,111,OK
M0363,2024-01-21,06:05,M002,Ligne A,Nuit,Robert,68.2,2.82,5.79,1375,38.1,123,0,0.0,105,OK
M0364,2024-05-28,19:02,M005,Ligne D,Matin,Moreau,70.6,3.71,6.08,1527,31.7,106,5,4.72,40,OK
M0365,2024-05-09,09:42,M001,Ligne A,Après-midi,Martin,71.1,1.51,6.27,1356,48.4,81,4,4.94,53,OK
M0366,2024-02-25,08:32,M003,Ligne A,Après-midi,Bernard,71.1,1.94,5.55,1249,29.9,117,4,3.42,67,OK
M0367,2024-02-06,08:10,M005,Ligne C,Nuit,Durand,64.1,2.98,5.69,1412,36.7,107,4,3.74,84,OK
M0368,2024-01-21,07:42,M001,Ligne A,Après-midi,Bernard,70.2,3.34,6.3,1461,37.5,148,0,0.0,76,OK
M0369,2024-06-08,12:15,M003,Ligne B,Après-midi,Dubois,72.8,2.79,6.46,1387,56.5,104,7,6.73,94,OK
M0370,2024-05-17,16:24,M004,Ligne A,Après-midi,Durand,73.0,4.1,5.78,1529,42.7,115,8,6.96,91,OK
M0371,2024-01-13,06:26,M001,Ligne A,Matin,Robert,72.5,1.09,7.06,1647,59.7,137,5,3.65,119,OK
M0372,2024-01-16,16:07,M005,Ligne C,Matin,Moreau,79.3,0.72,7.33,1409,43.3,97,4,4.12,37,OK
M0373,2024-06-08,18:39,M003,Ligne C,Après-midi,Martin,71.8,2.62,6.36,1779,42.9,102,1,0.98,78,OK
M0374,2024-05-14,08:08,M003,Ligne C,Nuit,Bernard,80.6,0.73,5.94,1372,46.6,100,7,7.0,100,OK
M0375,2024-01-06,19:56,M002,Ligne B,Nuit,Thomas,77.6,3.5,6.04,1790,46.9,125,7,5.6,89,OK
M0376,2024-04-27,18:56,M002,Ligne B,Nuit,,87.7,2.87,6.05,1286,50.8,133,5,3.76,23,OK
M0377,2024-06-22,10:44,M004,Ligne A,Après-midi,Moreau,69.0,1.34,5.94,1735,43.7,113,8,7.08,61,OK
M0378,2024-03-27,06:25,M005,Ligne A,Nuit,Moreau,72.5,1.03,6.25,1625,42.3,139,4,2.88,92,OK
M0379,2024-01-13,22:35,M002,Ligne D,Matin,Robert,70.5,2.17,6.0,1287,,147,8,5.44,64,OK
M0380,2024-01-11,20:01,M001,Ligne A,Nuit,Thomas,68.2,4.49,6.23,1753,52.9,119,7,5.88,68,OK
M0381,2024-03-15,11:16,M001,Ligne A,Nuit,Thomas,,2.92,6.16,1584,35.5,103,1,0.97,89,OK
M0382,2024-04-04,09:51,M005,Ligne C,Matin,Durand,78.2,3.28,5.21,1586,32.7,129,5,3.88,73,OK
M0383,2024-02-07,09:49,M005,Ligne D,Matin,Thomas,74.0,1.49,5.62,1233,38.0,91,7,7.69,110,OK
M0384,2024-05-20,18:46,M002,Ligne B,Nuit,Martin,72.2,1.73,6.89,1718,32.0,94,5,5.32,43,OK
M0385,2024-06-13,12:01,M005,Ligne A,Matin,Petit,,2.65,6.38,1309,49.1,124,7,5.65,93,OK
M0386,2024-01-15,10:06,M005,Ligne C,Matin,Bernard,73.2,3.92,6.47,1222,47.6,115,8,6.96,65,YES
M0387,2024-02-15,17:35,M002,Ligne B,Matin,Petit,77.1,2.87,6.1,1344,48.5,133,2,1.5,89,OK
M0388,2024-01-06,10:44,M002,Ligne D,Matin,Dubois,73.2,2.31,5.93,1379,40.7,95,0,0.0,90,OK
M0389,2024-06-02,22:48,M001,Ligne D,Après-midi,Dubois,76.1,4.48,6.1,1731,22.7,85,8,9.41,49,OK
M0390,2024-02-05,12:03,M004,Ligne D,Matin,Martin,77.4,2.31,6.77,1652,54.5,111,8,7.21,35,OK
M0391,2024-04-20,06:11,M004,Ligne B,Après-midi,Robert,79.7,2.49,-1.2,1337,57.9,88,7,7.95,86,OK
M0392,2024-03-19,08:28,M004,Ligne B,Après-midi,Bernard,70.4,3.05,5.63,1676,48.0,116,8,6.9,20,OK
M0393,2024-01-08,11:38,M002,Ligne B,Nuit,Thomas,62.8,1.33,5.92,1209,37.2,140,2,1.43,82,OK
M0394,2024-01-20,11:56,M003,Ligne A,Nuit,Bernrd,78.8,1.55,6.48,1575,31.7,144,6,4.17,93,OK
M0395,2024-06-07,20:37,M004,Ligne A,Nuit,Moreau,70.0,2.84,6.2,1759,50.5,137,0,0.0,22,OK
M0396,2024-04-21,14:04,M005,Ligne D,Après-midi,  Robert,62.4,,5.93,1669,37.9,83,7,8.43,14,OK
M0397,2024-06-20,17:10,M005,Ligne C,Nuit,Martin,86.0,4.08,5.64,1287,42.4,93,3,3.23,84,OK
M0398,2024-06-14,08:07,M005,Ligne D,Après-midi,Thomas,72.0,2.96,5.98,1736,45.1,135,5,3.7,87,OK
M0399,2024-03-04,16:26,M001,Ligne D,Après-midi,Robert,79.7,3.66,6.78,1791,35.4,128,3,2.34,88,OK
M0400,2024-02-03,20:02,M003,Ligne C,Nuit,Durand,94.3,0.8,6.08,1615,35.6,100,0,0.0,18,OK
M0401,2024-06-19,22:49,M001,Ligne D,Après-midi,Bernard,80.4,0.95,6.1,1467,46.3,120,0,0.0,90,OK
M0402,2024-06-17,08:20,M004,Ligne B,Nuit,Petit,76.4,0.66,6.3,1704,49.4,123,7,5.69,16,OK
M0403,2024-06-03,18:10,M005,Ligne B,Après-midi,Thomas,88.8,1.68,6.55,1526,44.7,123,2,1.63,113,OK
M0404,2024-01-22,16:41,M002,Ligne C,Après-midi,Moreau,85.5,2.31,6.57,1268,40.5,94,0,0.0,108,OK
M0405,2024-03-18,22:42,M003,Ligne C,Après-midi,Robert,87.4,2.34,5.72,1423,33.2,130,1,0.77,0,OK
M0406,2024-03-28,10:04,M002,Ligne D,Nuit,Dubois,70.1,1.22,6.49,1419,37.6,104,3,2.88,17,OK
M0407,2024-01-04,11:18,M001,Ligne C,Après-midi,,64.6,4.28,5.71,1267,51.3,91,1,1.1,50,OK
M0408,2024-04-12,13:15,M004,Ligne B,Matin,Bernard,64.3,3.52,6.64,1757,43.8,134,8,5.97,48,OK
M0409,2024-04-04,08:05,M004,Ligne D,Nuit,Durand,82.0,3.16,6.44,1583,56.7,140,1,0.71,11,OK
M0410,2024-04-19,20:42,M002,Ligne B,Nuit,Thomas,73.7,3.25,6.36,1512,48.7,148,5,3.38,4,OK
M0411,2024-03-14,14:33,M004,Ligne C,Matin,Duran,66.4,2.5,7.22,1487,,116,4,3.45,78,OK
M0412,2024-06-20,18:33,M003,Ligne A,Nuit,Durand,76.4,4.3,6.26,1602,52.2,97,1,1.03,93,OK
M0413,2024-02-16,21:36,M001,Ligne C,Nuit,Dubois,83.9,2.16,6.21,1262,39.3,129,8,6.2,53,OK
M0414,2024-01-24,19:25,M002,Ligne B,Nuit,Thomas,88.9,1.14,5.26,1437,37.6,131,2,1.53,23,OK
M0415,2024-04-08,13:24,M001,Ligne A,Après-midi,Bernard,75.5,2.38,6.05,1396,49.8,128,0,0.0,15,OK
M0416,2024-03-22,15:22,M004,Ligne C,Après-midi,Petit,68.5,3.74,6.59,1552,49.0,105,8,7.62,22,OK
M0417,2024-04-19,17:37,M003,Ligne B,Après-midi,Durand,89.0,4.13,6.14,1483,43.5,143,1,0.7,76,OK
M0418,2024-01-17,22:59,M001,Ligne C,Nuit,Durand,89.0,3.13,7.01,1343,55.3,110,1,0.91,73,OK
M0419,2024-06-23,18:19,M002,Ligne D,Nuit,Petit,70.4,3.08,6.45,1235,51.4,86,3,3.49,32,OK
M0420,2024-04-18,15:31,M004,Ligne C,Matin,Bernard,77.4,4.13,6.13,1352,53.6,84,3,3.57,82,OK
M0421,2024-06-24,16:10,M001,Ligne D,Nuit,Thomas,0.1,3.58,5.08,1684,,129,4,3.1,119,OK
M0422,2024-01-01,15:56,M005,Ligne B,Après-midi,Martin,68.4,4.03,6.6,1606,61.0,143,2,1.4,119,OK
M0423,2024-01-15,13:58,M004,Ligne B,Matin,Durand,74.5,3.5,6.16,1309,46.0,146,7,4.79,6,OK
M0424,2024-06-12,22:03,M002,Ligne C,Matin,Bernrd,84.8,2.28,6.27,1289,52.9,142,5,3.52,77,OK
M0425,2024-03-19,19:41,M001,Ligne A,Après-midi,Martin,84.6,2.02,6.07,1209,44.1,101,1,0.99,63,OK
M0426,2024-02-17,11:16,M002,Ligne A,Matin,Durand,78.7,0.67,5.99,1724,42.9,85,2,2.35,7,OK
M0427,2024-02-09,21:43,M003,Ligne D,Après-midi,Moreau,63.6,3.95,6.66,1315,48.4,120,8,6.67,54,OK
M0428,2024-03-27,06:07,M005,Ligne B,Après-midi,Thomas,72.6,3.55,5.53,1743,41.6,80,5,6.25,62,OK
M0429,2024-01-23,14:09,M004,Ligne D,Matin,Robert,73.2,1.08,6.19,1257,49.1,100,4,4.0,87,OK
M0430,2024-06-13,12:45,M002,Ligne A,Matin,Bernard,69.5,1.48,5.43,1274,47.4,138,6,4.35,113,OK
M0431,2024-05-20,12:50,M002,Ligne C,Après-midi,Robert,87.3,2.15,6.41,1423,42.7,99,8,8.08,28,OK
M0432,2024-01-17,07:53,M002,Ligne A,Après-midi,Petit,65.6,1.01,6.3,1764,41.8,96,6,6.25,64,OK
M0433,2024-04-25,06:25,M005,Ligne C,Après-midi,Martin,78.4,1.09,5.17,1746,51.9,118,1,0.85,117,OK
M0434,2024-05-18,09:43,M001,Ligne B,Nuit,Moreau,88.6,0.96,6.49,1425,50.0,123,6,4.88,41,OK
M0435,2024-05-19,07:20,M004,Ligne A,Matin,Durand,71.2,3.49,6.74,1591,30.1,86,4,4.65,67,OK
M0436,2024-03-23,22:29,M001,Ligne D,Nuit,Durand,68.2,0.63,5.74,1378,58.0,138,1,0.72,89,OK
M0437,2024-02-06,09:26,M001,Ligne A,Matin,  Robert,80.2,3.92,5.82,1505,31.8,122,1,0.82,6,OK
M0438,2024-02-17,11:06,M005,Ligne C,Après-midi,Moreau,62.8,2.09,5.88,1341,52.2,109,7,6.42,100,OK
M0439,2024-01-26,06:52,M004,Ligne D,Matin,Moreau,-50,0.97,5.86,1709,162000.0,131,6,4.58,4,OK
M0440,2024-03-02,12:18,M002,Ligne D,Nuit,Petit,79.5,1.17,5.65,1506,39.4,143,1,0.7,107,OK
M0441,2024-02-24,21:49,M004,Ligne C,Après-midi,Robert,82.6,1.98,,1498,38.7,111,7,6.31,47,OK
M0442,2024-05-20,20:46,M002,Ligne C,Matin,  Robert,69.8,0.91,5.86,1266,44.9,85,4,4.71,37,OK
M0443,2024-06-23,14:13,M005,Ligne B,Après-midi,Dubois,87.3,1.48,6.78,1240,38.9,146,5,3.42,119,OK
M0444,2024-06-02,07:15,M002,Ligne B,Nuit,Robert,75.2,3.14,6.1,1216,45.2,84,7,8.33,76,OK
M0445,2024-04-21,17:13,M005,Ligne A,Matin,Bernard,60.1,0.52,5.79,1287,39.3,119,3,2.52,95,OK
M0446,2024-05-08,11:56,M003,Ligne C,Après-midi,Durand,49.3,1.92,5.99,1332,37.9,143,7,4.9,103,OK
M0447,2024-01-09,06:10,M005,Ligne B,Matin,Robert,70.0,3.64,5.58,1373,44.2,84,5,5.95,30,OK
M0448,2024-02-24,22:16,M004,Ligne C,Matin,Martin,77.3,2.39,6.73,1693,52.2,98,2,2.04,79,OK
M0449,2024-04-28,10:40,M001,Ligne B,Après-midi,Bernard,70.8,3.84,6.6,1685,40.7,84,2,2.38,61,OK
M0450,2024-03-27,12:49,M005,Ligne D,Matin,Bernard,86.7,2.55,5.96,1308,40.6,143,3,2.1,77,OK
M0451,2024-05-28,21:47,M004,Ligne C,Après-midi,Martin,79.6,0.77,6.66,1409,49.7,149,1,0.67,83,OK
M0452,2024-01-13,18:31,M001,Ligne D,Matin,Thomas,88.0,3.74,6.62,1325,53.6,101,6,5.94,105,OK
M0453,2024-01-08,16:47,M001,Ligne A,Matin,Durand,85.5,2.91,7.12,1426,35.0,93,7,7.53,18,OK
M0454,2024-05-05,07:44,M002,Ligne D,Après-midi,Robert,69.6,4.04,6.25,1370,38.5,134,4,2.99,78,OK
M0455,2024-04-12,07:07,M004,Ligne B,Nuit,Robert,66.1,0.82,6.68,1256,36.1,145,5,3.45,113,OK
M0456,2024-03-15,13:47,M001,Ligne D,Nuit,Martin,75.3,1.55,6.03,1359,61.0,129,4,3.1,29,OK
M0457,2024-03-26,13:59,M005,Ligne B,Matin,Dubois,64.7,2.38,6.53,1233,46.5,138,1,0.72,87,OK
M0458,2024-03-27,13:43,M003,Ligne B,Nuit,Petit,73.0,3.09,7.13,1375,39.1,139,6,4.32,34,OK
M0459,2024-04-12,18:17,M002,Ligne C,Nuit,Robert,80.1,1.76,6.11,1607,51.5,142,3,2.11,41,OK
M0460,2024-01-20,14:02,M001,Ligne C,Nuit,Robert,63.0,3.87,6.16,1539,48.7,113,2,1.77,74,OK
M0461,2024-06-19,08:16,M004,Ligne C,Matin,Petit,65.8,3.99,6.68,1320,45.3,134,4,2.99,67,OK
M0462,2024-04-24,17:08,M004,Ligne D,Matin,Thomas,84.5,0.72,6.44,1646,56.2,138,2,1.45,49,OK
M0463,2024-05-04,06:31,M003,Ligne B,Après-midi,Robert,74.9,4.06,6.75,1664,57.7,148,2,1.35,20,OK
M0464,2024-01-02,20:56,M004,Ligne A,Après-midi,Thomas,92.6,1.98,6.46,1569,167040.0,129,7,5.43,117,OK
M0465,2024-03-21,21:03,M003,Ligne C,Matin,Thomas,84.7,2.15,6.16,1481,63.1,102,6,5.88,71,OK
M0466,2024-04-23,07:18,M005,Ligne B,Après-midi,Petit,84.6,4.48,6.13,1301,46.4,122,2,1.64,17,OK
M0467,2024-05-12,13:13,M003,Ligne B,Matin,Petit,65.4,2.5,6.21,1515,41.5,130,8,6.15,58,OK
M0468,2024-02-28,14:30,M005,Ligne B,Après-midi,Durand,66.7,3.66,5.81,1789,52.2,-8,6,6.52,17,OK
M0469,01/01/2024,11:13,M003,Ligne D,Nuit,Dubois,85.2,2.57,6.31,1785,40.1,95,7,7.37,22,OK
M0470,2024-02-07,14:23,M002,Ligne B,Matin,Robert,81.5,3.17,5.68,1357,47.1,120,2,1.67,56,OK
M0471,2024-02-09,21:35,M003,Ligne A,Matin,,89.0,0.84,5.53,1697,53.9,148,2,1.35,16,OK
M0472,2024-02-17,15:12,M005,Ligne C,Nuit,Robert,77.5,0.93,7.3,1532,54.3,115,4,3.48,83,OK
M0473,2024-06-08,06:40,M004,Ligne D,Après-midi,Durand,73.4,1.3,6.27,1582,61.1,147,3,2.04,2,OK
M0474,2024-04-22,18:30,M005,Ligne B,Matin,Moreau,72.1,0.6,6.36,1283,50.8,140,1,0.71,39,OK
M0475,2024-02-24,16:53,M005,Ligne D,Matin,Bernard,76.3,3.12,5.98,1269,43.1,148,1,0.68,23,OK
M0476,2024-03-03,16:51,M005,Ligne D,Après-midi,Petit,77.4,2.58,6.14,1778,43.9,148,0,0.0,26,OK
M0477,2024-04-25,08:30,M001,Ligne A,Après-midi,Bernard,76.5,1.8,5.91,1378,44.6,133,8,6.02,14,OK
M0478,2024-02-20,12:21,M001,Ligne D,Nuit,Durand,73.2,1.07,6.06,1610,37.5,101,1,0.99,46,OK
M0479,2024-02-24,18:04,M003,Ligne B,Après-midi,Martin,85.0,3.31,6.07,1206,51.8,103,2,1.94,72,OK
M0480,2024-06-09,15:32,M005,Ligne D,Matin,Martin,71.2,1.4,6.31,1320,41.7,99,7,7.07,119,OK
M0481,2024-01-08,22:28,M005,Ligne B,Nuit,Durand,54.8,3.52,5.97,1608,33.3,127,7,5.51,115,OK
M0482,2024-02-19,11:11,M005,Ligne B,Matin,Thomas,75.1,2.63,6.5,1257,46.7,129,5,3.88,119,OK
M0483,2024-06-19,07:37,M002,Ligne D,Nuit,Martin,73.1,0.6,6.4,1709,51.2,133,6,4.51,49,OK
M0484,2024-04-09,17:03,M004,Ligne A,Nuit,Robert,81.4,1.98,5.28,1571,51.8,92,5,5.43,69,OK
M0485,2024-03-16,06:15,M001,Ligne A,Après-midi,Moreau,1200,3.32,6.09,1717,59.7,130,1,0.77,87,OK
M0486,2024-02-07,11:30,M003,Ligne C,Matin,Dubois,76.2,2.08,6.82,1525,,135,8,5.93,27,OK
M0487,2024-03-12,17:19,machine1,Ligne D,Matin,Dubois,70.8,2.09,5.61,1445,31.9,128,7,5.47,68,OK
M0488,2024-01-08,22:12,M99,Ligne C,Matin,Durand,67.9,2.45,6.21,1563,47.2,115,8,6.96,1,OK
M0489,2024-03-27,18:41,M005,Ligne C,Matin,Bernard,63.8,2.83,6.43,1601,50.8,96,1,1.04,39,OK
M0490,2024-02-22,13:56,M005,Ligne B,Nuit,Thomas,79.6,0.77,5.79,1749,44.7,131,1,0.76,44,OK
M0491,2024-04-01,10:33,M002,Ligne D,Après-midi,Moreau,70.8,3.51,6.83,1745,46.2,129,7,5.43,33,OK
M0492,2024-05-21,09:02,M004,Ligne A,Matin,Petit,72.1,3.84,6.18,1332,45.9,93,7,7.53,24,True
M0493,2024-02-28,19:10,M002,Ligne B,Après-midi,Petit,72.3,1.57,6.5,1604,43.8,126,8,6.35,57,OK
M0494,2024-05-24,20:54,M001,Ligne B,Matin,Durand,76.9,1.93,6.3,1216,74.6,141,4,144.54,20,OK
M0495,2024-04-26,18:06,M001,Ligne D,Après-midi,Martin,77.1,3.43,7.02,1704,41.8,128,5,3.91,69,OK
M0496,2024-02-27,19:15,M005,Ligne C,Matin,Dubois,78.8,2.37,6.17,1299,51.0,86,4,4.65,49,OK
M0497,2024-04-27,06:05,M004,Ligne B,Après-midi,Dubois,1200,0.6,5.45,1324,36.6,93,5,5.38,19,OK
M0498,2024-04-20,09:53,M001,Ligne B,Nuit,Dubois,80.8,3.18,6.53,1753,33.5,99,6,6.06,83,OK
M0499,2024-03-19,11:50,M001,Ligne C,Après-midi,Dubois,71.6,4.05,6.0,1423,50.8,135,5,3.7,1,OK
M0500,2024-01-16,11:49,M004,Ligne D,Matin,Robert,78.1,4.47,6.03,1550,36.3,138,2,1.45,40,OK
M0501,2024-01-12,16:08,M004,Ligne D,Après-midi,Martin,73.9,1.51,6.9,1553,46.4,110,1,0.91,98,OK
M0502,2024-01-04,19:12,M003,Ligne B,Nuit,Moreau,72.3,1.03,6.68,1684,40.9,111,7,6.31,103,OK
M0503,2024-02-20,15:29,M004,Ligne B,Après-midi,Robert,68.5,1.19,6.17,1495,54.2,86,2,2.33,45,OK
M0504,2024-03-24,18:18,M005,Ligne C,Après-midi,Bernard,81.9,3.6,6.0,1253,47.8,88,5,5.68,12,OK
M0505,2024-06-28,09:54,M004,Ligne B,Nuit,Robert,71.1,4.08,6.24,1706,52.3,142,7,4.93,63,OK
M0506,2024-01-21,22:17,M004,Ligne A,Matin,Martin,81.0,2.46,6.04,1360,57.1,125,4,3.2,30,OK
